event_sequence,utc,seconds_from_first_sample,seconds_from_flash_runner_complete,channel_0,channel_1,gain_index,integration_index,density_estimate,saturated,valid
20,2026-07-15T00:56:45.233762347Z,0.000000000,-15.706130257,2256,234,2,0,0.610582448622,0,1
21,2026-07-15T00:56:45.334322960Z,0.100560613,-15.605569644,2256,234,2,0,0.610582448622,0,1
22,2026-07-15T00:56:45.434871783Z,0.201109436,-15.505020821,2256,234,2,0,0.610582448622,0,1
23,2026-07-15T00:56:45.535487818Z,0.301725471,-15.404404786,2255,234,2,0,0.610773784859,0,1
24,2026-07-15T00:56:45.636268756Z,0.402506409,-15.303623848,2255,234,2,0,0.610773784859,0,1
25,2026-07-15T00:56:45.736768535Z,0.503006188,-15.203124069,2255,234,2,0,0.610773784859,0,1
26,2026-07-15T00:56:45.837387338Z,0.603624991,-15.102505266,2255,234,2,0,0.610773784859,0,1
27,2026-07-15T00:56:45.938159088Z,0.704396741,-15.001733516,2255,234,2,0,0.610773784859,0,1
28,2026-07-15T00:56:46.038835840Z,0.805073493,-14.901056764,2255,234,2,0,0.610773784859,0,1
29,2026-07-15T00:56:46.139344505Z,0.905582158,-14.800548099,2255,234,2,0,0.610773784859,0,1
30,2026-07-15T00:56:46.239969864Z,1.006207517,-14.699922740,2255,234,2,0,0.610773784859,0,1
31,2026-07-15T00:56:46.340590231Z,1.106827884,-14.599302373,2255,234,2,0,0.610773784859,0,1
32,2026-07-15T00:56:46.441097332Z,1.207334985,-14.498795272,2256,234,2,0,0.610582448622,0,1
33,2026-07-15T00:56:46.541612663Z,1.307850316,-14.398279941,2256,234,2,0,0.610582448622,0,1
34,2026-07-15T00:56:46.642351643Z,1.408589296,-14.297540961,2256,234,2,0,0.610582448622,0,1
35,2026-07-15T00:56:46.743081876Z,1.509319529,-14.196810728,2256,234,2,0,0.610582448622,0,1
36,2026-07-15T00:56:46.843776061Z,1.610013714,-14.096116543,2256,234,2,0,0.610582448622,0,1
37,2026-07-15T00:56:46.944295539Z,1.710533192,-13.995597065,2256,234,2,0,0.610582448622,0,1
38,2026-07-15T00:56:47.044892901Z,1.811130554,-13.894999703,2257,234,2,0,0.610391197961,0,1
39,2026-07-15T00:56:47.145470910Z,1.911708563,-13.794421694,2257,234,2,0,0.610391197961,0,1
40,2026-07-15T00:56:47.245921185Z,2.012158838,-13.693971419,2257,234,2,0,0.610391197961,0,1
41,2026-07-15T00:56:47.346362800Z,2.112600453,-13.593529804,2257,234,2,0,0.610391197961,0,1
42,2026-07-15T00:56:47.446844551Z,2.213082204,-13.493048053,2257,234,2,0,0.610391197961,0,1
43,2026-07-15T00:56:47.547187943Z,2.313425596,-13.392704661,2257,234,2,0,0.610391197961,0,1
44,2026-07-15T00:56:47.647520355Z,2.413758008,-13.292372249,2257,234,2,0,0.610391197961,0,1
45,2026-07-15T00:56:47.798025003Z,2.564262656,-13.141867601,2257,234,2,0,0.610391197961,0,1
46,2026-07-15T00:56:47.898369870Z,2.664607523,-13.041522734,2257,234,2,0,0.610391197961,0,1
47,2026-07-15T00:56:47.998734598Z,2.764972251,-12.941158006,2257,234,2,0,0.610391197961,0,1
48,2026-07-15T00:56:48.099075718Z,2.865313371,-12.840816886,2258,234,2,0,0.610200032801,0,1
49,2026-07-15T00:56:48.199507610Z,2.965745263,-12.740384994,2258,234,2,0,0.610200032801,0,1
50,2026-07-15T00:56:48.299826905Z,3.066064558,-12.640065699,2258,234,2,0,0.610200032801,0,1
51,2026-07-15T00:56:48.400284488Z,3.166522141,-12.539608116,2258,234,2,0,0.610200032801,0,1
52,2026-07-15T00:56:48.500711005Z,3.266948658,-12.439181599,2258,234,2,0,0.610200032801,0,1
53,2026-07-15T00:56:48.601201831Z,3.367439484,-12.338690773,2258,234,2,0,0.610200032801,0,1
54,2026-07-15T00:56:48.701633142Z,3.467870795,-12.238259462,2258,234,2,0,0.610200032801,0,1
55,2026-07-15T00:56:48.802036394Z,3.568274047,-12.137856210,2258,234,2,0,0.610200032801,0,1
56,2026-07-15T00:56:48.902545379Z,3.668783032,-12.037347225,2259,234,2,0,0.610008953066,0,1
57,2026-07-15T00:56:49.002869008Z,3.769106661,-11.937023596,2259,234,2,0,0.610008953066,0,1
58,2026-07-15T00:56:49.103291020Z,3.869528673,-11.836601584,2259,234,2,0,0.610008953066,0,1
59,2026-07-15T00:56:49.203690780Z,3.969928433,-11.736201824,2259,234,2,0,0.610008953066,0,1
60,2026-07-15T00:56:49.304106678Z,4.070344331,-11.635785926,2259,234,2,0,0.610008953066,0,1
61,2026-07-15T00:56:49.404513462Z,4.170751115,-11.535379142,2259,234,2,0,0.610008953066,0,1
62,2026-07-15T00:56:49.504949163Z,4.271186816,-11.434943441,2259,234,2,0,0.610008953066,0,1
63,2026-07-15T00:56:49.605328583Z,4.371566236,-11.334564021,2259,234,2,0,0.610008953066,0,1
64,2026-07-15T00:56:49.705726211Z,4.471963864,-11.234166393,2260,234,2,0,0.609817958679,0,1
65,2026-07-15T00:56:49.806055815Z,4.572293468,-11.133836789,2260,234,2,0,0.609817958679,0,1
66,2026-07-15T00:56:49.906493180Z,4.672730833,-11.033399424,2260,234,2,0,0.609817958679,0,1
67,2026-07-15T00:56:50.006909074Z,4.773146727,-10.932983530,2260,234,2,0,0.609817958679,0,1
68,2026-07-15T00:56:50.107344305Z,4.873581958,-10.832548299,2260,234,2,0,0.609817958679,0,1
69,2026-07-15T00:56:50.207717681Z,4.973955334,-10.732174923,2260,234,2,0,0.609817958679,0,1
70,2026-07-15T00:56:50.308072558Z,5.074310211,-10.631820046,2260,234,2,0,0.609817958679,0,1
71,2026-07-15T00:56:50.408550087Z,5.174787740,-10.531342517,2260,234,2,0,0.609817958679,0,1
72,2026-07-15T00:56:50.508997035Z,5.275234688,-10.430895569,2260,234,2,0,0.609817958679,0,1
73,2026-07-15T00:56:50.609827203Z,5.376064856,-10.330065401,2260,234,2,0,0.609817958679,0,1
74,2026-07-15T00:56:50.710433456Z,5.476671109,-10.229459148,2260,234,2,0,0.609817958679,0,1
75,2026-07-15T00:56:50.811013136Z,5.577250789,-10.128879468,2260,234,2,0,0.609817958679,0,1
76,2026-07-15T00:56:50.911381794Z,5.677619447,-10.028510810,2260,234,2,0,0.609817958679,0,1
77,2026-07-15T00:56:51.012096686Z,5.778334339,-9.927795918,2261,235,2,0,0.609627049565,0,1
78,2026-07-15T00:56:51.112981383Z,5.879219036,-9.826911221,2261,234,2,0,0.609627049565,0,1
79,2026-07-15T00:56:51.213848983Z,5.980086636,-9.726043621,2261,235,2,0,0.609627049565,0,1
80,2026-07-15T00:56:51.314451195Z,6.080688848,-9.625441409,2261,235,2,0,0.609627049565,0,1
81,2026-07-15T00:56:51.415091723Z,6.181329376,-9.524800881,2261,235,2,0,0.609627049565,0,1
82,2026-07-15T00:56:51.515727061Z,6.281964714,-9.424165543,2261,235,2,0,0.609627049565,0,1
83,2026-07-15T00:56:51.616429915Z,6.382667568,-9.323462689,2261,235,2,0,0.609627049565,0,1
84,2026-07-15T00:56:51.717157708Z,6.483395361,-9.222734896,2261,235,2,0,0.609627049565,0,1
85,2026-07-15T00:56:51.817668736Z,6.583906389,-9.122223868,2261,235,2,0,0.609627049565,0,1
86,2026-07-15T00:56:51.918242813Z,6.684480466,-9.021649791,2261,235,2,0,0.609627049565,0,1
87,2026-07-15T00:56:52.018979092Z,6.785216745,-8.920913512,2262,235,2,0,0.609436225648,0,1
88,2026-07-15T00:56:52.119703808Z,6.885941461,-8.820188796,2261,235,2,0,0.609627049565,0,1
89,2026-07-15T00:56:52.220304452Z,6.986542105,-8.719588152,2261,235,2,0,0.609627049565,0,1
90,2026-07-15T00:56:52.320751685Z,7.086989338,-8.619140919,2261,235,2,0,0.609627049565,0,1
91,2026-07-15T00:56:52.421397581Z,7.187635234,-8.518495023,2261,235,2,0,0.609627049565,0,1
92,2026-07-15T00:56:52.521790900Z,7.288028553,-8.418101704,2261,235,2,0,0.609627049565,0,1
93,2026-07-15T00:56:52.622256067Z,7.388493720,-8.317636537,2261,235,2,0,0.609627049565,0,1
94,2026-07-15T00:56:52.722990938Z,7.489228591,-8.216901666,2261,235,2,0,0.609627049565,0,1
95,2026-07-15T00:56:52.823779585Z,7.590017238,-8.116113019,2261,235,2,0,0.609627049565,0,1
96,2026-07-15T00:56:52.924449324Z,7.690686977,-8.015443280,2262,235,2,0,0.609436225648,0,1
97,2026-07-15T00:56:53.075008475Z,7.841246128,-7.864884129,2262,235,2,0,0.609436225648,0,1
98,2026-07-15T00:56:53.175869381Z,7.942107034,-7.764023223,2262,235,2,0,0.609436225648,0,1
99,2026-07-15T00:56:53.276360199Z,8.042597852,-7.663532405,2262,235,2,0,0.609436225648,0,1
100,2026-07-15T00:56:53.377238804Z,8.143476457,-7.562653800,2262,235,2,0,0.609436225648,0,1
101,2026-07-15T00:56:53.477996657Z,8.244234310,-7.461895947,2262,235,2,0,0.609436225648,0,1
102,2026-07-15T00:56:53.578786218Z,8.345023871,-7.361106386,2262,235,2,0,0.609436225648,0,1
103,2026-07-15T00:56:53.679335360Z,8.445573013,-7.260557244,2262,235,2,0,0.609436225648,0,1
104,2026-07-15T00:56:53.780068308Z,8.546305961,-7.159824296,2262,235,2,0,0.609436225648,0,1
105,2026-07-15T00:56:53.880935903Z,8.647173556,-7.058956701,2262,235,2,0,0.609436225648,0,1
106,2026-07-15T00:56:53.981619470Z,8.747857123,-6.958273134,2262,235,2,0,0.609436225648,0,1
107,2026-07-15T00:56:54.082116830Z,8.848354483,-6.857775774,2262,235,2,0,0.609436225648,0,1
108,2026-07-15T00:56:54.182938666Z,8.949176319,-6.756953938,2262,235,2,0,0.609436225648,0,1
109,2026-07-15T00:56:54.283682781Z,9.049920434,-6.656209823,2262,235,2,0,0.609436225648,0,1
110,2026-07-15T00:56:54.384539290Z,9.150776943,-6.555353314,2262,235,2,0,0.609436225648,0,1
111,2026-07-15T00:56:54.485004121Z,9.251241774,-6.454888483,2262,235,2,0,0.609436225648,0,1
112,2026-07-15T00:56:54.585405164Z,9.351642817,-6.354487440,2262,235,2,0,0.609436225648,0,1
113,2026-07-15T00:56:54.686172462Z,9.452410115,-6.253720142,2262,235,2,0,0.609436225648,0,1
114,2026-07-15T00:56:54.787088114Z,9.553325767,-6.152804490,2262,235,2,0,0.609436225648,0,1
115,2026-07-15T00:56:54.887661326Z,9.653898979,-6.052231278,2263,235,2,0,0.609245486851,0,1
116,2026-07-15T00:56:54.988394186Z,9.754631839,-5.951498418,2263,235,2,0,0.609245486851,0,1
117,2026-07-15T00:56:55.089248720Z,9.855486373,-5.850643884,2263,235,2,0,0.609245486851,0,1
118,2026-07-15T00:56:55.189875197Z,9.956112850,-5.750017407,2263,235,2,0,0.609245486851,0,1
119,2026-07-15T00:56:55.290407022Z,10.056644675,-5.649485582,2263,235,2,0,0.609245486851,0,1
120,2026-07-15T00:56:55.391244254Z,10.157481907,-5.548648350,2263,235,2,0,0.609245486851,0,1
121,2026-07-15T00:56:55.491994321Z,10.258231974,-5.447898283,2263,235,2,0,0.609245486851,0,1
122,2026-07-15T00:56:55.592713652Z,10.358951305,-5.347178952,2263,235,2,0,0.609245486851,0,1
123,2026-07-15T00:56:55.693419523Z,10.459657176,-5.246473081,2263,235,2,0,0.609245486851,0,1
124,2026-07-15T00:56:55.794251039Z,10.560488692,-5.145641565,2263,235,2,0,0.609245486851,0,1
125,2026-07-15T00:56:55.895022083Z,10.661259736,-5.044870521,2263,235,2,0,0.609245486851,0,1
126,2026-07-15T00:56:55.995786407Z,10.762024060,-4.944106197,2263,235,2,0,0.609245486851,0,1
127,2026-07-15T00:56:56.096306325Z,10.862543978,-4.843586279,2263,235,2,0,0.609245486851,0,1
128,2026-07-15T00:56:56.197057279Z,10.963294932,-4.742835325,2263,235,2,0,0.609245486851,0,1
129,2026-07-15T00:56:56.297724897Z,11.063962550,-4.642167707,2263,235,2,0,0.609245486851,0,1
130,2026-07-15T00:56:56.398327173Z,11.164564826,-4.541565431,2263,235,2,0,0.609245486851,0,1
131,2026-07-15T00:56:56.499131666Z,11.265369319,-4.440760938,2263,235,2,0,0.609245486851,0,1
132,2026-07-15T00:56:56.599757152Z,11.365994805,-4.340135452,2263,235,2,0,0.609245486851,0,1
133,2026-07-15T00:56:56.700418276Z,11.466655929,-4.239474328,2263,235,2,0,0.609245486851,0,1
134,2026-07-15T00:56:56.801070934Z,11.567308587,-4.138821670,2263,235,2,0,0.609245486851,0,1
135,2026-07-15T00:56:56.901584424Z,11.667822077,-4.038308180,2263,235,2,0,0.609245486851,0,1
136,2026-07-15T00:56:57.002162983Z,11.768400636,-3.937729621,2264,235,2,0,0.609054833101,0,1
137,2026-07-15T00:56:57.102965010Z,11.869202663,-3.836927594,2264,235,2,0,0.609054833101,0,1
138,2026-07-15T00:56:57.203595412Z,11.969833065,-3.736297192,2264,235,2,0,0.609054833101,0,1
139,2026-07-15T00:56:57.304016002Z,12.070253655,-3.635876602,2264,235,2,0,0.609054833101,0,1
140,2026-07-15T00:56:57.404688968Z,12.170926621,-3.535203636,2264,235,2,0,0.609054833101,0,1
141,2026-07-15T00:56:57.505523651Z,12.271761304,-3.434368953,2264,235,2,0,0.609054833101,0,1
142,2026-07-15T00:56:57.606121504Z,12.372359157,-3.333771100,2264,235,2,0,0.609054833101,0,1
143,2026-07-15T00:56:57.706636365Z,12.472874018,-3.233256239,2264,235,2,0,0.609054833101,0,1
144,2026-07-15T00:56:57.807232854Z,12.573470507,-3.132659750,2264,235,2,0,0.609054833101,0,1
145,2026-07-15T00:56:57.907876633Z,12.674114286,-3.032015971,2264,235,2,0,0.609054833101,0,1
146,2026-07-15T00:56:58.008687205Z,12.774924858,-2.931205399,2264,235,2,0,0.609054833101,0,1
147,2026-07-15T00:56:58.109074805Z,12.875312458,-2.830817799,2264,235,2,0,0.609054833101,0,1
148,2026-07-15T00:56:58.209630597Z,12.975868250,-2.730262007,2264,235,2,0,0.609054833101,0,1
149,2026-07-15T00:56:58.310245225Z,13.076482878,-2.629647379,2264,235,2,0,0.609054833101,0,1
150,2026-07-15T00:56:58.410726109Z,13.176963762,-2.529166495,2264,235,2,0,0.609054833101,0,1
151,2026-07-15T00:56:58.511439447Z,13.277677100,-2.428453157,2265,235,2,0,0.608864264321,0,1
152,2026-07-15T00:56:58.612317880Z,13.378555533,-2.327574724,2264,235,2,0,0.609054833101,0,1
153,2026-07-15T00:56:58.713030456Z,13.479268109,-2.226862148,2264,235,2,0,0.609054833101,0,1
154,2026-07-15T00:56:58.813705923Z,13.579943576,-2.126186681,2264,235,2,0,0.609054833101,0,1
155,2026-07-15T00:56:58.914179602Z,13.680417255,-2.025713002,2264,235,2,0,0.609054833101,0,1
156,2026-07-15T00:56:59.014872737Z,13.781110390,-1.925019867,2264,235,2,0,0.609054833101,0,1
157,2026-07-15T00:56:59.115459391Z,13.881697044,-1.824433213,2265,235,2,0,0.608864264321,0,1
158,2026-07-15T00:56:59.216140779Z,13.982378432,-1.723751825,2265,235,2,0,0.608864264321,0,1
159,2026-07-15T00:56:59.366933161Z,14.133170814,-1.572959443,2264,235,2,0,0.609054833101,0,1
160,2026-07-15T00:56:59.467543456Z,14.233781109,-1.472349148,2264,235,2,0,0.609054833101,0,1
161,2026-07-15T00:56:59.567953030Z,14.334190683,-1.371939574,2264,235,2,0,0.609054833101,0,1
162,2026-07-15T00:56:59.668385788Z,14.434623441,-1.271506816,2264,235,2,0,0.609054833101,0,1
163,2026-07-15T00:56:59.768766773Z,14.535004426,-1.171125831,2264,235,2,0,0.609054833101,0,1
164,2026-07-15T00:56:59.869146827Z,14.635384480,-1.070745777,2264,235,2,0,0.609054833101,0,1
165,2026-07-15T00:56:59.969499833Z,14.735737486,-0.970392771,2265,235,2,0,0.608864264321,0,1
166,2026-07-15T00:57:00.069864559Z,14.836102212,-0.870028045,2265,235,2,0,0.608864264321,0,1
167,2026-07-15T00:57:00.170222237Z,14.936459890,-0.769670367,2265,235,2,0,0.608864264321,0,1
168,2026-07-15T00:57:00.270595250Z,15.036832903,-0.669297354,2265,235,2,0,0.608864264321,0,1
169,2026-07-15T00:57:00.370978432Z,15.137216085,-0.568914172,2265,235,2,0,0.608864264321,0,1
170,2026-07-15T00:57:00.471329447Z,15.237567100,-0.468563157,2265,235,2,0,0.608864264321,0,1
171,2026-07-15T00:57:00.571727321Z,15.337964974,-0.368165283,2265,235,2,0,0.608864264321,0,1
172,2026-07-15T00:57:00.672443743Z,15.438681396,-0.267448861,2265,235,2,0,0.608864264321,0,1
173,2026-07-15T00:57:00.772831251Z,15.539068904,-0.167061353,2265,235,2,0,0.608864264321,0,1
174,2026-07-15T00:57:00.873238887Z,15.639476540,-0.066653717,2265,235,2,0,0.608864264321,0,1
175,2026-07-15T00:57:00.973656548Z,15.739894201,0.033763944,2265,235,2,0,0.608864264321,0,1
176,2026-07-15T00:57:01.074026062Z,15.840263715,0.134133458,2265,235,2,0,0.608864264321,0,1
177,2026-07-15T00:57:01.174451586Z,15.940689239,0.234558982,2265,235,2,0,0.608864264321,0,1
178,2026-07-15T00:57:01.274853274Z,16.041090927,0.334960670,2265,235,2,0,0.608864264321,0,1
179,2026-07-15T00:57:01.375388279Z,16.141625932,0.435495675,2265,235,2,0,0.608864264321,0,1
180,2026-07-15T00:57:01.475754713Z,16.241992366,0.535862109,2265,235,2,0,0.608864264321,0,1
181,2026-07-15T00:57:01.576129230Z,16.342366883,0.636236626,2265,235,2,0,0.608864264321,0,1
182,2026-07-15T00:57:01.676525799Z,16.442763452,0.736633195,2265,235,2,0,0.608864264321,0,1
183,2026-07-15T00:57:01.776943958Z,16.543181611,0.837051354,2265,235,2,0,0.608864264321,0,1
184,2026-07-15T00:57:01.877657923Z,16.643895576,0.937765319,2265,235,2,0,0.608864264321,0,1
185,2026-07-15T00:57:01.978360783Z,16.744598436,1.038468179,2265,235,2,0,0.608864264321,0,1
186,2026-07-15T00:57:02.078967639Z,16.845205292,1.139075035,2265,235,2,0,0.608864264321,0,1
187,2026-07-15T00:57:02.179691170Z,16.945928823,1.239798566,2269,235,2,0,0.608102837397,0,1
188,2026-07-15T00:57:02.280110791Z,17.046348444,1.340218187,2277,236,2,0,0.606584039309,0,1
189,2026-07-15T00:57:02.380654470Z,17.146892123,1.440761866,2278,236,2,0,0.606394568320,0,1
190,2026-07-15T00:57:02.481421143Z,17.247658796,1.541528539,2279,236,2,0,0.606205181257,0,1
191,2026-07-15T00:57:02.582062727Z,17.348300380,1.642170123,2278,236,2,0,0.606394568320,0,1
192,2026-07-15T00:57:02.682519328Z,17.448756981,1.742626724,2224,230,2,0,0.616748074566,0,1
193,2026-07-15T00:57:02.782924772Z,17.549162425,1.843032168,2189,227,2,0,0.623595093534,0,1
194,2026-07-15T00:57:02.883597045Z,17.649834698,1.943704441,2195,227,2,0,0.622413506780,0,1
195,2026-07-15T00:57:02.984243939Z,17.750481592,2.044351335,2161,223,2,0,0.629152737528,0,1
196,2026-07-15T00:57:03.084619979Z,17.850857632,2.144727375,2148,222,2,0,0.631757823444,0,1
197,2026-07-15T00:57:03.185061409Z,17.951299062,2.245168805,2222,230,2,0,0.617136393759,0,1
198,2026-07-15T00:57:03.285476331Z,18.051713984,2.345583727,2246,233,2,0,0.612499674563,0,1
199,2026-07-15T00:57:03.385860727Z,18.152098380,2.445968123,2243,232,2,0,0.613076522551,0,1
200,2026-07-15T00:57:03.486437634Z,18.252675287,2.546545030,2196,227,2,0,0.622216892615,0,1
201,2026-07-15T00:57:03.587038847Z,18.353276500,2.647146243,2223,230,2,0,0.616942190089,0,1
202,2026-07-15T00:57:03.687597054Z,18.453834707,2.747704450,2199,227,2,0,0.621627591825,0,1
203,2026-07-15T00:57:03.788228863Z,18.554466516,2.848336259,2160,223,2,0,0.629352566495,0,1
204,2026-07-15T00:57:03.888768033Z,18.655005686,2.948875429,2124,219,2,0,0.636609290401,0,1
205,2026-07-15T00:57:03.989188427Z,18.755426080,3.049295823,2161,223,2,0,0.629152737528,0,1
206,2026-07-15T00:57:04.089673216Z,18.855910869,3.149780612,2223,230,2,0,0.616942190089,0,1
207,2026-07-15T00:57:04.190270860Z,18.956508513,3.250378256,1628,167,2,0,0.751586600284,0,1
208,2026-07-15T00:57:04.290796895Z,19.057034548,3.350904291,1377,142,2,0,0.824122590570,0,1
209,2026-07-15T00:57:04.441443644Z,19.207681297,3.501551040,1361,140,2,0,0.829189704157,0,1
210,2026-07-15T00:57:04.542165989Z,19.308403642,3.602273385,1548,159,2,0,0.773402772396,0,1
211,2026-07-15T00:57:04.642953789Z,19.409191442,3.703061185,2033,209,2,0,0.655520948273,0,1
212,2026-07-15T00:57:04.743532778Z,19.509770431,3.803640174,1524,157,2,0,0.780169957502,0,1
213,2026-07-15T00:57:04.844203508Z,19.610441161,3.904310904,1376,142,2,0,0.824437540178,0,1
214,2026-07-15T00:57:04.944882041Z,19.711119694,4.004989437,1524,157,2,0,0.780169957502,0,1
215,2026-07-15T00:57:05.045554814Z,19.811792467,4.105662210,1973,204,2,0,0.668463486746,0,1
216,2026-07-15T00:57:05.146195776Z,19.912433429,4.206303172,2086,216,2,0,0.644405087741,0,1
217,2026-07-15T00:57:05.246858605Z,20.013096258,4.306966001,2115,219,2,0,0.638442868044,0,1
218,2026-07-15T00:57:05.347584868Z,20.113822521,4.407692264,2133,221,2,0,0.634783537199,0,1
219,2026-07-15T00:57:05.448378655Z,20.214616308,4.508486051,2208,228,2,0,0.619864545551,0,1
220,2026-07-15T00:57:05.549013768Z,20.315251421,4.609121164,2162,223,2,0,0.628953001864,0,1
221,2026-07-15T00:57:05.649407063Z,20.415644716,4.709514459,2143,221,2,0,0.632764018865,0,1
222,2026-07-15T00:57:05.749839467Z,20.516077120,4.809946863,2068,213,2,0,0.648147999173,0,1
223,2026-07-15T00:57:05.850221095Z,20.616458748,4.910328491,2180,225,2,0,0.625373616475,0,1
224,2026-07-15T00:57:05.950661795Z,20.716899448,5.010769191,2129,220,2,0,0.635594021343,0,1
225,2026-07-15T00:57:06.051147241Z,20.817384894,5.111254637,2115,218,2,0,0.638442868044,0,1
226,2026-07-15T00:57:06.151560089Z,20.917797742,5.211667485,2094,216,2,0,0.642752022462,0,1
227,2026-07-15T00:57:06.252037690Z,21.018275343,5.312145086,2019,208,2,0,0.658506061529,0,1
228,2026-07-15T00:57:06.352356418Z,21.118594071,5.412463814,1981,204,2,0,0.666715039531,0,1
229,2026-07-15T00:57:06.452895486Z,21.219133139,5.513002882,1949,201,2,0,0.673752081866,0,1
230,2026-07-15T00:57:06.553730179Z,21.319967832,5.613837575,1864,192,2,0,0.693025963601,0,1
231,2026-07-15T00:57:06.654438233Z,21.420675886,5.714545629,1847,190,2,0,0.696987045254,0,1
232,2026-07-15T00:57:06.755080752Z,21.521318405,5.815188148,1847,190,2,0,0.696987045254,0,1
233,2026-07-15T00:57:06.855917587Z,21.622155240,5.916024983,1848,190,2,0,0.696753023827,0,1
234,2026-07-15T00:57:06.956601462Z,21.722839115,6.016708858,1848,190,2,0,0.696753023827,0,1
235,2026-07-15T00:57:07.057199682Z,21.823437335,6.117307078,1848,190,2,0,0.696753023827,0,1
236,2026-07-15T00:57:07.157938880Z,21.924176533,6.218046276,1848,190,2,0,0.696753023827,0,1
237,2026-07-15T00:57:07.258673365Z,22.024911018,6.318780761,1849,190,2,0,0.696519130168,0,1
238,2026-07-15T00:57:07.359451683Z,22.125689336,6.419559079,1848,190,2,0,0.696753023827,0,1
239,2026-07-15T00:57:07.460121678Z,22.226359331,6.520229074,1932,199,2,0,0.677538088597,0,1
240,2026-07-15T00:57:07.560628047Z,22.326865700,6.620735443,2120,219,2,0,0.637423243852,0,1
241,2026-07-15T00:57:07.661360471Z,22.427598124,6.721467867,2132,220,2,0,0.634986014339,0,1
242,2026-07-15T00:57:07.762100182Z,22.528337835,6.822207578,2086,215,2,0,0.644405087741,0,1
243,2026-07-15T00:57:07.862835551Z,22.629073204,6.922942947,2143,221,2,0,0.632764018865,0,1
244,2026-07-15T00:57:07.963253308Z,22.729490961,7.023360704,2121,219,2,0,0.637219610273,0,1
245,2026-07-15T00:57:08.063933272Z,22.830170925,7.124040668,2079,214,2,0,0.645856776875,0,1
246,2026-07-15T00:57:08.164541847Z,22.930779500,7.224649243,2035,209,2,0,0.655096197919,0,1
247,2026-07-15T00:57:08.265017490Z,23.031255143,7.325124886,2136,220,2,0,0.634176680098,0,1
248,2026-07-15T00:57:08.365481723Z,23.131719376,7.425589119,2201,228,2,0,0.621235175228,0,1
249,2026-07-15T00:57:08.466036670Z,23.232274323,7.526144066,2217,229,2,0,0.618108737129,0,1
250,2026-07-15T00:57:08.566711671Z,23.332949324,7.626819067,2224,230,2,0,0.616748074566,0,1
251,2026-07-15T00:57:08.667140795Z,23.433378448,7.727248191,2221,230,2,0,0.617330685658,0,1
252,2026-07-15T00:57:08.767715381Z,23.533953034,7.827822777,2224,230,2,0,0.616748074566,0,1
253,2026-07-15T00:57:08.868334658Z,23.634572311,7.928442054,2227,230,2,0,0.616166256093,0,1
254,2026-07-15T00:57:08.969139182Z,23.735376835,8.029246578,2230,231,2,0,0.615585228093,0,1
255,2026-07-15T00:57:09.069884263Z,23.836121916,8.129991659,2233,231,2,0,0.615004988432,0,1
256,2026-07-15T00:57:09.170326010Z,23.936563663,8.230433406,2234,231,2,0,0.614811750031,0,1
257,2026-07-15T00:57:09.271000617Z,24.037238270,8.331108013,2236,231,2,0,0.614425534984,0,1
258,2026-07-15T00:57:09.371591278Z,24.137828931,8.431698674,2238,231,2,0,0.614039668424,0,1
259,2026-07-15T00:57:09.472224918Z,24.238462571,8.532332314,2239,232,2,0,0.613846865631,0,1
260,2026-07-15T00:57:09.572729946Z,24.338967599,8.632837342,2231,231,2,0,0.615391727385,0,1
261,2026-07-15T00:57:09.673345650Z,24.439583303,8.733453046,2192,227,2,0,0.623003892138,0,1
262,2026-07-15T00:57:09.773713448Z,24.539951101,8.833820844,2168,224,2,0,0.627756542397,0,1
263,2026-07-15T00:57:09.874392125Z,24.640629778,8.934499521,2061,213,2,0,0.649612462721,0,1
264,2026-07-15T00:57:09.974875826Z,24.741113479,9.034983222,2156,223,2,0,0.630152817129,0,1
265,2026-07-15T00:57:10.125747854Z,24.891985507,9.185855250,2141,221,2,0,0.633167160602,0,1
266,2026-07-15T00:57:10.226408325Z,24.992645978,9.286515721,2107,217,2,0,0.640079337681,0,1
267,2026-07-15T00:57:10.327130753Z,25.093368406,9.387238149,2079,214,2,0,0.645856776875,0,1
268,2026-07-15T00:57:10.427863571Z,25.194101224,9.487970967,2034,210,2,0,0.655308520408,0,1
269,2026-07-15T00:57:10.528634890Z,25.294872543,9.588742286,1978,204,2,0,0.667369870748,0,1
270,2026-07-15T00:57:10.629242059Z,25.395479712,9.689349455,1865,192,2,0,0.692794095507,0,1
271,2026-07-15T00:57:10.730002826Z,25.496240479,9.790110222,2121,219,2,0,0.637219610273,0,1
272,2026-07-15T00:57:10.830848285Z,25.597085938,9.890955681,2125,219,2,0,0.636406043760,0,1
273,2026-07-15T00:57:10.931597753Z,25.697835406,9.991705149,2218,229,2,0,0.617914091520,0,1
274,2026-07-15T00:57:11.032159622Z,25.798397275,10.092267018,2250,233,2,0,0.611731752368,0,1
275,2026-07-15T00:57:11.132918749Z,25.899156402,10.193026145,2159,223,2,0,0.629552488851,0,1
276,2026-07-15T00:57:11.233670868Z,25.999908521,10.293778264,2109,217,2,0,0.639669633122,0,1
277,2026-07-15T00:57:11.334331063Z,26.100568716,10.394438459,2176,225,2,0,0.626166451053,0,1
278,2026-07-15T00:57:11.434791163Z,26.201028816,10.494898559,1680,172,2,0,0.737978825614,0,1
279,2026-07-15T00:57:11.535482846Z,26.301720499,10.595590242,2032,209,2,0,0.655733481619,0,1
280,2026-07-15T00:57:11.636207557Z,26.402445210,10.696314953,2157,223,2,0,0.629952614081,0,1
281,2026-07-15T00:57:11.736956496Z,26.503194149,10.797063892,1938,199,2,0,0.676198025340,0,1
282,2026-07-15T00:57:11.837544535Z,26.603782188,10.897651931,1559,159,2,0,0.770336455505,0,1
283,2026-07-15T00:57:11.938173392Z,26.704411045,10.998280788,1466,149,2,0,0.796978470026,0,1
284,2026-07-15T00:57:12.038973323Z,26.805210976,11.099080719,1468,149,2,0,0.796387775731,0,1
285,2026-07-15T00:57:12.139721208Z,26.905958861,11.199828604,1469,150,2,0,0.796092733076,0,1
286,2026-07-15T00:57:12.240488205Z,27.006725858,11.300595601,1470,150,2,0,0.795797893046,0,1
287,2026-07-15T00:57:12.341174072Z,27.107411725,11.401281468,1471,150,2,0,0.795503255364,0,1
288,2026-07-15T00:57:12.441721222Z,27.207958875,11.501828618,1472,150,2,0,0.795208819754,0,1
289,2026-07-15T00:57:12.542483039Z,27.308720692,11.602590435,1472,150,2,0,0.795208819754,0,1
290,2026-07-15T00:57:12.642964980Z,27.409202633,11.703072376,1473,150,2,0,0.794914585940,0,1
291,2026-07-15T00:57:12.743619563Z,27.509857216,11.803726959,1473,150,2,0,0.794914585940,0,1
292,2026-07-15T00:57:12.844281151Z,27.610518804,11.904388547,1474,150,2,0,0.794620553647,0,1
293,2026-07-15T00:57:12.945031921Z,27.711269574,12.005139317,1474,150,2,0,0.794620553647,0,1
294,2026-07-15T00:57:13.045718804Z,27.811956457,12.105826200,1474,150,2,0,0.794620553647,0,1
295,2026-07-15T00:57:13.146397381Z,27.912635034,12.206504777,1475,150,2,0,0.794326722600,0,1
296,2026-07-15T00:57:13.246958759Z,28.013196412,12.307066155,1475,150,2,0,0.794326722600,0,1
297,2026-07-15T00:57:13.347386067Z,28.113623720,12.407493463,1475,150,2,0,0.794326722600,0,1
298,2026-07-15T00:57:13.447890412Z,28.214128065,12.507997808,1475,150,2,0,0.794326722600,0,1
299,2026-07-15T00:57:13.548534361Z,28.314772014,12.608641757,1473,150,2,0,0.794914585940,0,1
300,2026-07-15T00:57:13.649146416Z,28.415384069,12.709253812,1727,176,2,0,0.726040356522,0,1
301,2026-07-15T00:57:13.749777109Z,28.516014762,12.809884505,1430,145,2,0,0.807752335524,0,1
302,2026-07-15T00:57:13.850566124Z,28.616803777,12.910673520,1376,139,2,0,0.824437540178,0,1
303,2026-07-15T00:57:13.951384183Z,28.717621836,13.011491579,1342,136,2,0,0.835285568375,0,1
304,2026-07-15T00:57:14.052014067Z,28.818251720,13.112121463,1625,165,2,0,0.752384994529,0,1
305,2026-07-15T00:57:14.152674777Z,28.918912430,13.212782173,1837,188,2,0,0.699334317469,0,1
306,2026-07-15T00:57:14.253432043Z,29.019669696,13.313539439,1692,172,2,0,0.734898959409,0,1
307,2026-07-15T00:57:14.354088340Z,29.120325993,13.414195736,1601,162,2,0,0.758826218909,0,1
308,2026-07-15T00:57:14.454649564Z,29.220887217,13.514756960,1816,185,2,0,0.704305850366,0,1
309,2026-07-15T00:57:14.555300518Z,29.321538171,13.615407914,2058,212,2,0,0.650241627280,0,1
310,2026-07-15T00:57:14.655946726Z,29.422184379,13.716054122,2127,219,2,0,0.635999839904,0,1
311,2026-07-15T00:57:14.756637217Z,29.522874870,13.816744613,2163,223,2,0,0.628753359417,0,1
312,2026-07-15T00:57:14.857505118Z,29.623742771,13.917612514,2176,224,2,0,0.626166451053,0,1
313,2026-07-15T00:57:14.958126653Z,29.724364306,14.018234049,2171,224,2,0,0.627159565258,0,1
314,2026-07-15T00:57:15.058978789Z,29.825216442,14.119086185,2171,224,2,0,0.627159565258,0,1
315,2026-07-15T00:57:15.159992138Z,29.926229791,14.220099534,2173,224,2,0,0.626762042849,0,1
316,2026-07-15T00:57:15.260768568Z,30.027006221,14.320875964,2176,224,2,0,0.626166451053,0,1
317,2026-07-15T00:57:15.361322761Z,30.127560414,14.421430157,2177,225,2,0,0.625968104597,0,1
318,2026-07-15T00:57:15.461818925Z,30.228056578,14.521926321,2179,225,2,0,0.625571687393,0,1
319,2026-07-15T00:57:15.562420286Z,30.328657939,14.622527682,2180,225,2,0,0.625373616475,0,1
320,2026-07-15T00:57:15.663103089Z,30.429340742,14.723210485,2182,225,2,0,0.624977749582,0,1
321,2026-07-15T00:57:15.763655321Z,30.529892974,14.823762717,2183,225,2,0,0.624779953439,0,1
322,2026-07-15T00:57:15.864329643Z,30.630567296,14.924437039,2183,225,2,0,0.624779953439,0,1
323,2026-07-15T00:57:15.965045847Z,30.731283500,15.025153243,2184,226,2,0,0.624582248720,0,1
324,2026-07-15T00:57:16.065792813Z,30.832030466,15.125900209,2185,226,2,0,0.624384635340,0,1
325,2026-07-15T00:57:16.166160001Z,30.932397654,15.226267397,2186,226,2,0,0.624187113215,0,1
326,2026-07-15T00:57:16.316977750Z,31.083215403,15.377085146,2187,226,2,0,0.623989682261,0,1
327,2026-07-15T00:57:16.417494508Z,31.183732161,15.477601904,2187,226,2,0,0.623989682261,0,1
328,2026-07-15T00:57:16.518114711Z,31.284352364,15.578222107,2188,226,2,0,0.623792342395,0,1
329,2026-07-15T00:57:16.618751620Z,31.384989273,15.678859016,2188,226,2,0,0.623792342395,0,1
330,2026-07-15T00:57:16.719447146Z,31.485684799,15.779554542,2188,226,2,0,0.623792342395,0,1
331,2026-07-15T00:57:16.820066825Z,31.586304478,15.880174221,2189,226,2,0,0.623595093534,0,1
332,2026-07-15T00:57:16.920765826Z,31.687003479,15.980873222,2189,226,2,0,0.623595093534,0,1
333,2026-07-15T00:57:17.021553586Z,31.787791239,16.081660982,2190,226,2,0,0.623397935592,0,1
334,2026-07-15T00:57:17.122273243Z,31.888510896,16.182380639,2190,226,2,0,0.623397935592,0,1
335,2026-07-15T00:57:17.222872552Z,31.989110205,16.282979948,2190,226,2,0,0.623397935592,0,1
336,2026-07-15T00:57:17.323606315Z,32.089843968,16.383713711,2191,226,2,0,0.623200868488,0,1
337,2026-07-15T00:57:17.424240955Z,32.190478608,16.484348351,2191,226,2,0,0.623200868488,0,1
338,2026-07-15T00:57:17.525114859Z,32.291352512,16.585222255,2191,226,2,0,0.623200868488,0,1
339,2026-07-15T00:57:17.625586091Z,32.391823744,16.685693487,2191,226,2,0,0.623200868488,0,1
340,2026-07-15T00:57:17.726113732Z,32.492351385,16.786221128,2192,226,2,0,0.623003892138,0,1
341,2026-07-15T00:57:17.826932310Z,32.593169963,16.887039706,2192,226,2,0,0.623003892138,0,1
342,2026-07-15T00:57:17.927698682Z,32.693936335,16.987806078,2192,226,2,0,0.623003892138,0,1
343,2026-07-15T00:57:18.028312946Z,32.794550599,17.088420342,2192,226,2,0,0.623003892138,0,1
344,2026-07-15T00:57:18.129115340Z,32.895352993,17.189222736,2192,226,2,0,0.623003892138,0,1
345,2026-07-15T00:57:18.229798973Z,32.996036626,17.289906369,2194,226,2,0,0.622610211367,0,1
346,2026-07-15T00:57:18.330269448Z,33.096507101,17.390376844,2193,226,2,0,0.622807006459,0,1
347,2026-07-15T00:57:18.430729134Z,33.196966787,17.490836530,2193,226,2,0,0.622807006459,0,1
348,2026-07-15T00:57:18.531242137Z,33.297479790,17.591349533,2194,227,2,0,0.622610211367,0,1
349,2026-07-15T00:57:18.631975529Z,33.398213182,17.692082925,2194,226,2,0,0.622610211367,0,1
350,2026-07-15T00:57:18.732655277Z,33.498892930,17.792762673,2194,227,2,0,0.622610211367,0,1
351,2026-07-15T00:57:18.833520659Z,33.599758312,17.893628055,2194,227,2,0,0.622610211367,0,1
352,2026-07-15T00:57:18.934280416Z,33.700518069,17.994387812,2194,227,2,0,0.622610211367,0,1
353,2026-07-15T00:57:19.035000180Z,33.801237833,18.095107576,2194,227,2,0,0.622610211367,0,1
354,2026-07-15T00:57:19.135682911Z,33.901920564,18.195790307,2194,227,2,0,0.622610211367,0,1
355,2026-07-15T00:57:19.236250858Z,34.002488511,18.296358254,2195,227,2,0,0.622413506780,0,1
356,2026-07-15T00:57:19.337024338Z,34.103261991,18.397131734,2195,227,2,0,0.622413506780,0,1
357,2026-07-15T00:57:19.437731885Z,34.203969538,18.497839281,2195,227,2,0,0.622413506780,0,1
358,2026-07-15T00:57:19.538230071Z,34.304467724,18.598337467,2196,227,2,0,0.622216892615,0,1
359,2026-07-15T00:57:19.639126429Z,34.405364082,18.699233825,2196,227,2,0,0.622216892615,0,1
360,2026-07-15T00:57:19.739787224Z,34.506024877,18.799894620,2196,227,2,0,0.622216892615,0,1
361,2026-07-15T00:57:19.840451353Z,34.606689006,18.900558749,2196,227,2,0,0.622216892615,0,1
362,2026-07-15T00:57:19.940986434Z,34.707224087,19.001093830,2196,227,2,0,0.622216892615,0,1
363,2026-07-15T00:57:20.041732170Z,34.807969823,19.101839566,2196,227,2,0,0.622216892615,0,1
364,2026-07-15T00:57:20.142525830Z,34.908763483,19.202633226,2196,227,2,0,0.622216892615,0,1
365,2026-07-15T00:57:20.243145561Z,35.009383214,19.303252957,2197,227,2,0,0.622020368789,0,1
366,2026-07-15T00:57:20.343600565Z,35.109838218,19.403707961,2197,227,2,0,0.622020368789,0,1
367,2026-07-15T00:57:20.444257761Z,35.210495414,19.504365157,2197,227,2,0,0.622020368789,0,1
368,2026-07-15T00:57:20.544892935Z,35.311130588,19.605000331,2197,227,2,0,0.622020368789,0,1
369,2026-07-15T00:57:20.645534178Z,35.411771831,19.705641574,2197,227,2,0,0.622020368789,0,1
370,2026-07-15T00:57:20.746180791Z,35.512418444,19.806288187,2197,227,2,0,0.622020368789,0,1
371,2026-07-15T00:57:20.847008504Z,35.613246157,19.907115900,2197,227,2,0,0.622020368789,0,1
372,2026-07-15T00:57:20.947853404Z,35.714091057,20.007960800,2197,227,2,0,0.622020368789,0,1
373,2026-07-15T00:57:21.048617241Z,35.814854894,20.108724637,2198,227,2,0,0.621823935220,0,1
374,2026-07-15T00:57:21.149187497Z,35.915425150,20.209294893,2198,227,2,0,0.621823935220,0,1
375,2026-07-15T00:57:21.249912771Z,36.016150424,20.310020167,2198,227,2,0,0.621823935220,0,1
376,2026-07-15T00:57:21.350579426Z,36.116817079,20.410686822,2198,227,2,0,0.621823935220,0,1
377,2026-07-15T00:57:21.451189270Z,36.217426923,20.511296666,2198,227,2,0,0.621823935220,0,1
378,2026-07-15T00:57:21.551951086Z,36.318188739,20.612058482,2198,227,2,0,0.621823935220,0,1
379,2026-07-15T00:57:21.652658274Z,36.418895927,20.712765670,2198,227,2,0,0.621823935220,0,1
380,2026-07-15T00:57:21.753312881Z,36.519550534,20.813420277,2199,227,2,0,0.621627591825,0,1
381,2026-07-15T00:57:21.853989296Z,36.620226949,20.914096692,2199,227,2,0,0.621627591825,0,1
382,2026-07-15T00:57:21.954512707Z,36.720750360,21.014620103,2199,227,2,0,0.621627591825,0,1
383,2026-07-15T00:57:22.055236256Z,36.821473909,21.115343652,2199,227,2,0,0.621627591825,0,1
384,2026-07-15T00:57:22.155976880Z,36.922214533,21.216084276,2199,227,2,0,0.621627591825,0,1
385,2026-07-15T00:57:22.256555803Z,37.022793456,21.316663199,2199,227,2,0,0.621627591825,0,1
386,2026-07-15T00:57:22.407144152Z,37.173381805,21.467251548,2199,227,2,0,0.621627591825,0,1
387,2026-07-15T00:57:22.507735445Z,37.273973098,21.567842841,2199,227,2,0,0.621627591825,0,1
388,2026-07-15T00:57:22.608337274Z,37.374574927,21.668444670,2199,227,2,0,0.621627591825,0,1
389,2026-07-15T00:57:22.709057922Z,37.475295575,21.769165318,2199,227,2,0,0.621627591825,0,1
390,2026-07-15T00:57:22.809737951Z,37.575975604,21.869845347,2199,227,2,0,0.621627591825,0,1
391,2026-07-15T00:57:22.910285543Z,37.676523196,21.970392939,2199,227,2,0,0.621627591825,0,1
392,2026-07-15T00:57:23.011027129Z,37.777264782,22.071134525,2200,227,2,0,0.621431338522,0,1
393,2026-07-15T00:57:23.111676330Z,37.877913983,22.171783726,2200,227,2,0,0.621431338522,0,1
394,2026-07-15T00:57:23.213172584Z,37.979410237,22.273279980,2200,227,2,0,0.621431338522,0,1
395,2026-07-15T00:57:23.313556423Z,38.079794076,22.373663819,2200,227,2,0,0.621431338522,0,1
396,2026-07-15T00:57:23.413967617Z,38.180205270,22.474075013,2200,227,2,0,0.621431338522,0,1
397,2026-07-15T00:57:23.514726033Z,38.280963686,22.574833429,2200,227,2,0,0.621431338522,0,1
398,2026-07-15T00:57:23.615698780Z,38.381936433,22.675806176,2200,227,2,0,0.621431338522,0,1
399,2026-07-15T00:57:23.716224810Z,38.482462463,22.776332206,2200,227,2,0,0.621431338522,0,1
400,2026-07-15T00:57:23.816934082Z,38.583171735,22.877041478,2200,227,2,0,0.621431338522,0,1
401,2026-07-15T00:57:23.917469250Z,38.683706903,22.977576646,2200,227,2,0,0.621431338522,0,1
402,2026-07-15T00:57:24.018392239Z,38.784629892,23.078499635,2200,227,2,0,0.621431338522,0,1
403,2026-07-15T00:57:24.119041042Z,38.885278695,23.179148438,2200,227,2,0,0.621431338522,0,1
404,2026-07-15T00:57:24.219887267Z,38.986124920,23.279994663,2200,227,2,0,0.621431338522,0,1
405,2026-07-15T00:57:24.320583295Z,39.086820948,23.380690691,2200,227,2,0,0.621431338522,0,1
406,2026-07-15T00:57:24.421381379Z,39.187619032,23.481488775,2201,227,2,0,0.621235175228,0,1
407,2026-07-15T00:57:24.522091591Z,39.288329244,23.582198987,2201,227,2,0,0.621235175228,0,1
408,2026-07-15T00:57:24.622758715Z,39.388996368,23.682866111,2201,227,2,0,0.621235175228,0,1
409,2026-07-15T00:57:24.723177514Z,39.489415167,23.783284910,2201,227,2,0,0.621235175228,0,1
410,2026-07-15T00:57:24.823903647Z,39.590141300,23.884011043,2201,227,2,0,0.621235175228,0,1
411,2026-07-15T00:57:24.924579746Z,39.690817399,23.984687142,2201,227,2,0,0.621235175228,0,1
412,2026-07-15T00:57:25.025322588Z,39.791560241,24.085429984,2201,227,2,0,0.621235175228,0,1
413,2026-07-15T00:57:25.126175419Z,39.892413072,24.186282815,2201,227,2,0,0.621235175228,0,1
414,2026-07-15T00:57:25.227196072Z,39.993433725,24.287303468,2202,227,2,0,0.621039101861,0,1
415,2026-07-15T00:57:25.327846111Z,40.094083764,24.387953507,2201,227,2,0,0.621235175228,0,1
416,2026-07-15T00:57:25.428473231Z,40.194710884,24.488580627,2201,227,2,0,0.621235175228,0,1
417,2026-07-15T00:57:25.529382380Z,40.295620033,24.589489776,2201,227,2,0,0.621235175228,0,1
418,2026-07-15T00:57:25.629974184Z,40.396211837,24.690081580,2201,227,2,0,0.621235175228,0,1
419,2026-07-15T00:57:25.730535053Z,40.496772706,24.790642449,2201,227,2,0,0.621235175228,0,1
420,2026-07-15T00:57:25.831180945Z,40.597418598,24.891288341,2202,227,2,0,0.621039101861,0,1
421,2026-07-15T00:57:25.931851114Z,40.698088767,24.991958510,2202,227,2,0,0.621039101861,0,1
422,2026-07-15T00:57:26.032364170Z,40.798601823,25.092471566,2202,227,2,0,0.621039101861,0,1
423,2026-07-15T00:57:26.132905519Z,40.899143172,25.193012915,2202,227,2,0,0.621039101861,0,1
424,2026-07-15T00:57:26.233530387Z,40.999768040,25.293637783,2202,227,2,0,0.621039101861,0,1
425,2026-07-15T00:57:26.334175652Z,41.100413305,25.394283048,2202,227,2,0,0.621039101861,0,1
426,2026-07-15T00:57:26.434721267Z,41.200958920,25.494828663,2202,227,2,0,0.621039101861,0,1
427,2026-07-15T00:57:26.535318414Z,41.301556067,25.595425810,2202,227,2,0,0.621039101861,0,1
428,2026-07-15T00:57:26.635957571Z,41.402195224,25.696064967,2202,227,2,0,0.621039101861,0,1
429,2026-07-15T00:57:26.736571115Z,41.502808768,25.796678511,2202,227,2,0,0.621039101861,0,1
430,2026-07-15T00:57:26.837088451Z,41.603326104,25.897195847,2202,227,2,0,0.621039101861,0,1
431,2026-07-15T00:57:26.937655894Z,41.703893547,25.997763290,2202,227,2,0,0.621039101861,0,1
432,2026-07-15T00:57:27.038468508Z,41.804706161,26.098575904,2202,227,2,0,0.621039101861,0,1
433,2026-07-15T00:57:27.139164344Z,41.905401997,26.199271740,2202,227,2,0,0.621039101861,0,1
434,2026-07-15T00:57:27.239904529Z,42.006142182,26.300011925,2202,227,2,0,0.621039101861,0,1
435,2026-07-15T00:57:27.340513260Z,42.106750913,26.400620656,2202,227,2,0,0.621039101861,0,1
436,2026-07-15T00:57:27.441153998Z,42.207391651,26.501261394,2202,227,2,0,0.621039101861,0,1
437,2026-07-15T00:57:27.541965543Z,42.308203196,26.602072939,2202,227,2,0,0.621039101861,0,1
438,2026-07-15T00:57:27.642585415Z,42.408823068,26.702692811,2202,227,2,0,0.621039101861,0,1
439,2026-07-15T00:57:27.743335526Z,42.509573179,26.803442922,2202,227,2,0,0.621039101861,0,1
440,2026-07-15T00:57:27.844028142Z,42.610265795,26.904135538,2202,227,2,0,0.621039101861,0,1
441,2026-07-15T00:57:27.944742243Z,42.710979896,27.004849639,2203,227,2,0,0.620843118340,0,1
442,2026-07-15T00:57:28.045260555Z,42.811498208,27.105367951,2203,227,2,0,0.620843118340,0,1
443,2026-07-15T00:57:28.145955608Z,42.912193261,27.206063004,2203,227,2,0,0.620843118340,0,1
444,2026-07-15T00:57:28.246575481Z,43.012813134,27.306682877,2203,227,2,0,0.620843118340,0,1
445,2026-07-15T00:57:28.347116942Z,43.113354595,27.407224338,2203,228,2,0,0.620843118340,0,1
446,2026-07-15T00:57:28.497861595Z,43.264099248,27.557968991,2203,228,2,0,0.620843118340,0,1
447,2026-07-15T00:57:28.598317735Z,43.364555388,27.658425131,2203,228,2,0,0.620843118340,0,1
448,2026-07-15T00:57:28.698866730Z,43.465104383,27.758974126,2204,228,2,0,0.620647224582,0,1
449,2026-07-15T00:57:28.799627727Z,43.565865380,27.859735123,2204,228,2,0,0.620647224582,0,1
450,2026-07-15T00:57:28.900444154Z,43.666681807,27.960551550,2204,228,2,0,0.620647224582,0,1
451,2026-07-15T00:57:29.000956482Z,43.767194135,28.061063878,2204,228,2,0,0.620647224582,0,1
452,2026-07-15T00:57:29.101946842Z,43.868184495,28.162054238,2204,228,2,0,0.620647224582,0,1
453,2026-07-15T00:57:29.202704261Z,43.968941914,28.262811657,2204,228,2,0,0.620647224582,0,1
454,2026-07-15T00:57:29.303519653Z,44.069757306,28.363627049,2204,228,2,0,0.620647224582,0,1
455,2026-07-15T00:57:29.404320904Z,44.170558557,28.464428300,2204,228,2,0,0.620647224582,0,1
456,2026-07-15T00:57:29.504833627Z,44.271071280,28.564941023,2204,228,2,0,0.620647224582,0,1
457,2026-07-15T00:57:29.605476004Z,44.371713657,28.665583400,2195,227,2,0,0.622413506780,0,1
458,2026-07-15T00:57:29.706083251Z,44.472320904,28.766190647,2171,224,2,0,0.627159565258,0,1
459,2026-07-15T00:57:29.806506671Z,44.572744324,28.866614067,2149,222,2,0,0.631556868036,0,1
460,2026-07-15T00:57:29.907002496Z,44.673240149,28.967109892,2136,220,2,0,0.634176680098,0,1
461,2026-07-15T00:57:30.007658450Z,44.773896103,29.067765846,2078,214,2,0,0.646064563635,0,1
